{
    "metadata":{
        "type":"Geometry",
        "generator":"io_three",
        "version":3,
        "vertices":8,
        "normals":6,
        "materials":1,
        "uvs":1,
        "faces":6
    },
    "vertices":[212.1,75.75,227.25,-212.1,75.75,-227.25,-212.1,75.75,227.25,212.1,75.75,-227.25,212.1,-75.75,227.25,-212.1,-75.75,-227.25,-212.1,-75.75,227.25,212.1,-75.75,-227.25],
    "faces":[43,0,3,1,2,0,2,3,0,1,0,0,0,0,43,5,7,4,6,0,4,5,6,7,1,1,1,1,43,4,0,2,6,0,10,11,8,9,2,2,2,2,43,0,4,7,3,0,12,13,14,15,3,3,3,3,43,3,7,5,1,0,16,10,17,18,4,4,4,4,43,1,5,6,2,0,19,20,21,22,5,5,5,5],
    "uvs":[[0.503338,0.131457,0.511719,0.522569,0.805053,0.511395,0.796672,0.120282,0.218384,0.533744,0.511719,0.522569,0.503338,0.131457,0.210003,0.142631,0.435731,0.890801,0.540493,0.88681,0.532671,0.521771,0.427909,0.525762,0.331527,0.920866,0.43629,0.916875,0.427909,0.525762,0.323147,0.529753,0.637434,0.51778,0.540493,0.88681,0.645256,0.882819,0.226765,0.924856,0.331527,0.920866,0.323146,0.529753,0.218384,0.533744]],
    "normals":[0,1,-3.35727e-08,0,-1,3.35727e-08,-0,0,1,1,0,-0,0,0,-1,-1,0,-0],
    "materials":[{
        "colorEmissive":[0,0,0],
        "shading":"phong",
        "opacity":1,
        "transparent":false,
        "visible":true,
        "wireframe":false,
        "blending":"NormalBlending",
        "depthTest":true,
        "depthWrite":true,
        "DbgName":"Material",
        "DbgColor":15658734,
        "DbgIndex":0,
        "colorDiffuse":[0.64,0.64,0.64],
        "specularCoef":50,
        "colorSpecular":[0.5,0.5,0.5],
        "mapDiffuse":"2013_07July_02-1.jpg",
        "mapDiffuseAnisotropy":1,
        "mapDiffuseWrap":["RepeatWrapping","RepeatWrapping"],
        "mapDiffuseRepeat":[1,1]
    }]
}