{
    "metadata":{
        "type":"Geometry",
        "generator":"io_three",
        "version":3,
        "vertices":254,
        "normals":7,
        "materials":1,
        "uvs":0,
        "faces":236
    },
    "vertices":[133.985,76.0295,-142.201,133.968,76.0295,-141.938,133.883,76.0295,-141.556,133.652,76.0295,-141.088,133.399,76.0295,-140.786,133.094,76.0295,-140.536,132.752,76.0295,-140.349,132.247,76.0295,-140.213,131.721,76.0295,-140.213,131.216,76.0295,-140.349,130.764,76.0295,-140.61,130.478,76.0295,-140.883,130.25,76.0295,-141.202,130.085,76.0295,-141.556,129.983,76.0295,-142.069,130.017,76.0295,-142.593,130.185,76.0295,-143.087,130.476,76.0295,-143.523,130.767,76.0295,-143.79,131.097,76.0295,-144,131.465,76.0295,-144.133,131.852,76.0295,-144.198,132.116,76.0295,-144.198,132.503,76.0295,-144.133,132.871,76.0295,-144,133.201,76.0295,-143.79,133.399,76.0295,-143.616,133.652,76.0295,-143.314,133.883,76.0295,-142.846,133.968,76.0295,-142.464,-130.07,76.0295,142.331,-130.173,76.0295,142.844,-130.404,76.0295,143.312,-130.657,76.0295,143.614,-130.855,76.0295,143.788,-131.185,76.0295,143.998,-131.552,76.0295,144.131,-131.94,76.0295,144.196,-132.204,76.0295,144.196,-132.591,76.0295,144.131,-132.958,76.0295,143.998,-133.289,76.0295,143.788,-133.487,76.0295,143.614,-133.74,76.0295,143.312,-133.971,76.0295,142.844,-134.073,76.0295,142.331,-134.056,76.0295,141.936,-133.971,76.0295,141.554,-133.74,76.0295,141.086,-133.487,76.0295,140.784,-133.182,76.0295,140.534,-132.839,76.0295,140.347,-132.334,76.0295,140.211,-131.809,76.0295,140.211,-131.304,76.0295,140.347,-130.961,76.0295,140.534,-130.657,76.0295,140.784,-130.404,76.0295,141.086,-130.173,76.0295,141.554,-130.088,76.0295,141.936,-130.083,76.0295,0.261663,-130.219,76.0295,0.766308,-130.48,76.0295,1.21894,-130.852,76.0295,1.59043,-131.304,76.0295,1.8515,-131.809,76.0295,1.98693,-132.334,76.0295,1.98693,-132.839,76.0295,1.8515,-133.292,76.0295,1.59043,-133.663,76.0295,1.21895,-133.925,76.0295,0.766308,-134.06,76.0295,0.261663,-134.06,76.0295,-0.263672,-133.925,76.0295,-0.768264,-133.663,76.0295,-1.22089,-133.292,76.0295,-1.59237,-132.839,76.0295,-1.85345,-132.334,76.0295,-1.98887,-131.809,76.0295,-1.98887,-131.304,76.0295,-1.85345,-130.852,76.0295,-1.59238,-130.48,76.0295,-1.22089,-130.219,76.0295,-0.768265,-130.083,76.0295,-0.263673,-130.07,76.0295,-142.069,-130.173,76.0295,-141.556,-130.404,76.0295,-141.088,-130.657,76.0295,-140.786,-130.961,76.0295,-140.536,-131.304,76.0295,-140.349,-131.809,76.0295,-140.213,-132.334,76.0295,-140.213,-132.839,76.0295,-140.349,-133.292,76.0295,-140.61,-133.577,76.0295,-140.883,-133.806,76.0295,-141.202,-133.971,76.0295,-141.556,-134.073,76.0295,-142.069,-134.056,76.0295,-142.464,-133.971,76.0295,-142.846,-133.74,76.0295,-143.314,-133.487,76.0295,-143.616,-133.289,76.0295,-143.79,-132.958,76.0295,-144,-132.591,76.0295,-144.133,-132.204,76.0295,-144.198,-131.94,76.0295,-144.198,-131.552,76.0295,-144.133,-131.185,76.0295,-144,-130.855,76.0295,-143.79,-130.657,76.0295,-143.616,-130.403,76.0295,-143.314,-130.173,76.0295,-142.846,-130.088,76.0295,-142.464,1.95746,76.0295,142.331,1.85512,76.0295,142.844,1.62427,76.0295,143.312,1.37131,76.0295,143.614,1.17303,76.0295,143.788,0.842697,76.0295,143.998,0.475549,76.0295,144.131,0.0883384,76.0295,144.196,-0.176019,76.0295,144.196,-0.563234,76.0295,144.131,-0.809719,76.0295,144.048,-1.04325,76.0295,143.933,-1.36245,76.0295,143.704,-1.54938,76.0295,143.517,-1.77778,76.0295,143.198,-1.9428,76.0295,142.844,-2.04515,76.0295,142.331,-2.01071,76.0295,141.807,-1.84281,76.0295,141.313,-1.63274,76.0295,140.982,-1.459,76.0295,140.784,-1.15418,76.0295,140.534,-0.811391,76.0295,140.347,-0.306574,76.0295,140.211,0.21889,76.0295,140.211,0.723707,76.0295,140.347,1.0665,76.0295,140.534,1.37131,76.0295,140.784,1.54505,76.0295,140.982,1.75512,76.0295,141.313,1.92301,76.0295,141.807,1.94449,76.0295,0.261645,1.80904,76.0295,0.766326,1.5479,76.0295,1.21894,1.17635,76.0295,1.59042,0.723654,76.0295,1.85151,0.218878,76.0295,1.98693,-0.306563,76.0295,1.98693,-0.811337,76.0295,1.85151,-1.26405,76.0295,1.59042,-1.63558,76.0295,1.21895,-1.89673,76.0295,0.766323,-2.03219,76.0295,0.261642,-2.03219,76.0295,-0.263652,-1.89673,76.0295,-0.768278,-1.63557,76.0295,-1.2209,-1.26405,76.0295,-1.59236,-0.811337,76.0295,-1.85345,-0.306562,76.0295,-1.98887,0.218878,76.0295,-1.98887,0.723654,76.0295,-1.85345,1.17635,76.0295,-1.59237,1.5479,76.0295,-1.22089,1.80904,76.0295,-0.768282,1.9445,76.0295,-0.263655,1.95746,76.0295,-142.069,1.85512,76.0295,-141.556,1.62431,76.0295,-141.088,1.37131,76.0295,-140.786,1.0665,76.0295,-140.536,0.723707,76.0295,-140.349,0.21889,76.0295,-140.213,-0.306574,76.0295,-140.213,-0.811391,76.0295,-140.349,-1.26397,76.0295,-140.61,-1.54938,76.0295,-140.883,-1.77778,76.0295,-141.202,-1.9428,76.0295,-141.556,-2.04515,76.0295,-142.069,-2.01071,76.0295,-142.593,-1.8428,76.0295,-143.087,-1.55211,76.0295,-143.523,-1.26071,76.0295,-143.79,-0.93038,76.0295,-144,-0.563234,76.0295,-144.133,-0.176019,76.0295,-144.198,0.0883384,76.0295,-144.198,0.475549,76.0295,-144.133,0.842697,76.0295,-144,1.17303,76.0295,-143.79,1.46444,76.0295,-143.523,1.75511,76.0295,-143.087,1.92301,76.0295,-142.593,133.985,76.0295,142.199,133.951,76.0295,142.591,133.783,76.0295,143.085,133.492,76.0295,143.521,133.201,76.0295,143.788,132.871,76.0295,143.998,132.503,76.0295,144.131,132.116,76.0295,144.196,131.852,76.0295,144.196,131.465,76.0295,144.131,131.218,76.0295,144.048,130.985,76.0295,143.933,130.665,76.0295,143.704,130.478,76.0295,143.517,130.25,76.0295,143.198,130.085,76.0295,142.844,129.983,76.0295,142.331,130.017,76.0295,141.807,130.185,76.0295,141.313,130.395,76.0295,140.982,130.569,76.0295,140.784,130.874,76.0295,140.534,131.216,76.0295,140.347,131.721,76.0295,140.211,132.247,76.0295,140.211,132.752,76.0295,140.347,133.094,76.0295,140.534,133.399,76.0295,140.784,133.573,76.0295,140.982,133.783,76.0295,141.313,133.951,76.0295,141.807,133.985,76.0295,-0.132881,133.951,76.0295,0.391108,133.783,76.0295,0.885377,133.573,76.0295,1.21562,133.399,76.0295,1.41387,133.094,76.0295,1.66376,132.752,76.0295,1.8515,132.247,76.0295,1.98693,131.721,76.0295,1.98693,131.216,76.0295,1.8515,130.764,76.0295,1.5904,130.392,76.0295,1.21891,130.131,76.0295,0.766307,129.996,76.0295,0.261663,129.996,76.0295,-0.263672,130.131,76.0295,-0.768263,130.392,76.0295,-1.22086,130.764,76.0295,-1.59234,131.217,76.0295,-1.85345,131.721,76.0295,-1.98887,132.247,76.0295,-1.98887,132.752,76.0295,-1.85345,133.094,76.0295,-1.6657,133.399,76.0295,-1.41582,133.652,76.0295,-1.11414,133.883,76.0295,-0.64599],