{
    "metadata":{
        "type":"Geometry",
        "generator":"io_three",
        "version":3,
        "vertices":190,
        "normals":5,
        "materials":1,
        "uvs":0,
        "faces":95
    },
    "vertices":[198.497,76.0296,213.3,198.497,76.0295,-213.3,176.492,76.0296,213.3,176.492,76.0295,-213.3,154.488,76.0296,213.3,154.488,76.0295,-213.3,132.483,76.0296,213.3,132.483,76.0295,-213.3,110.478,76.0296,213.3,110.478,76.0295,-213.3,88.4738,76.0296,213.3,88.4738,76.0295,-213.3,66.4692,76.0296,213.3,66.4692,76.0295,-213.3,44.4645,76.0296,213.3,44.4645,76.0295,-213.3,22.4599,76.0296,213.3,22.4599,76.0295,-213.3,0.455246,76.0296,213.3,0.455246,76.0295,-213.3,-21.5494,76.0296,213.3,-21.5494,76.0295,-213.3,-43.554,76.0296,213.3,-43.554,76.0295,-213.3,-65.5587,76.0296,213.3,-65.5587,76.0295,-213.3,-87.5633,76.0296,213.3,-87.5633,76.0295,-213.3,-109.568,76.0296,213.3,-109.568,76.0295,-213.3,-131.573,76.0296,213.3,-131.573,76.0295,-213.3,-153.577,76.0296,213.3,-153.577,76.0295,-213.3,-175.582,76.0296,213.3,-175.582,76.0295,-213.3,-197.587,76.0296,213.3,-197.587,76.0295,-213.3,197.497,76.0296,213.3,197.497,76.0295,-213.3,175.492,76.0296,213.3,175.492,76.0295,-213.3,153.488,76.0296,213.3,153.488,76.0295,-213.3,131.483,76.0296,213.3,131.483,76.0295,-213.3,109.478,76.0296,213.3,109.478,76.0295,-213.3,87.4738,76.0296,213.3,87.4738,76.0295,-213.3,65.4692,76.0296,213.3,65.4692,76.0295,-213.3,43.4645,76.0296,213.3,43.4645,76.0295,-213.3,21.4599,76.0296,213.3,21.4599,76.0295,-213.3,-0.544754,76.0296,213.3,-0.544754,76.0295,-213.3,-22.5494,76.0296,213.3,-22.5494,76.0295,-213.3,-44.554,76.0296,213.3,-44.554,76.0295,-213.3,-66.5587,76.0296,213.3,-66.5587,76.0295,-213.3,-88.5633,76.0296,213.3,-88.5633,76.0295,-213.3,-110.568,76.0296,213.3,-110.568,76.0295,-213.3,-132.573,76.0296,213.3,-132.573,76.0295,-213.3,-154.577,76.0296,213.3,-154.577,76.0295,-213.3,-176.582,76.0296,213.3,-176.582,76.0295,-213.3,-198.587,76.0296,213.3,-198.587,76.0295,-213.3,197.997,76.0296,213.3,197.997,76.0295,-213.3,175.992,76.0296,213.3,175.992,76.0295,-213.3,153.988,76.0296,213.3,153.988,76.0295,-213.3,131.983,76.0296,213.3,131.983,76.0295,-213.3,109.978,76.0296,213.3,109.978,76.0295,-213.3,87.9738,76.0296,213.3,87.9738,76.0295,-213.3,65.9692,76.0296,213.3,65.9692,76.0295,-213.3,43.9645,76.0296,213.3,43.9645,76.0295,-213.3,21.9599,76.0296,213.3,21.9599,76.0295,-213.3,-0.044754,76.0296,213.3,-0.044754,76.0295,-213.3,-22.0494,76.0296,213.3,-22.0494,76.0295,-213.3,-44.054,76.0296,213.3,-44.054,76.0295,-213.3,-66.0587,76.0296,213.3,-66.0587,76.0295,-213.3,-88.0633,76.0296,213.3,-88.0633,76.0295,-213.3,-110.068,76.0296,213.3,-110.068,76.0295,-213.3,-132.073,76.0296,213.3,-132.073,76.0295,-213.3,-154.077,76.0296,213.3,-154.077,76.0295,-213.3,-176.082,76.0296,213.3,-176.082,76.0295,-213.3,-198.087,76.0296,213.3,-198.087,76.0295,-213.3,-198.087,76.0295,-213.8,197.997,76.0295,-213.8,-198.087,76.0295,-190.1,197.997,76.0295,-190.1,-198.087,76.0295,-166.4,197.997,76.0295,-166.4,-198.087,76.0295,-142.7,197.997,76.0295,-142.7,-198.087,76.0295,-119,197.997,76.0295,-119,-198.087,76.0295,-95.3,197.997,76.0295,-95.3,-198.087,76.0295,-71.6001,197.997,76.0295,-71.6001,-198.087,76.0295,-47.9001,197.997,76.0295,-47.9001,-198.087,76.0295,-24.2,197.997,76.0295,-24.2,-198.087,76.0295,-0.50011,197.997,76.0295,-0.50011,-198.087,76.0295,23.1999,197.997,76.0295,23.1999,-198.087,76.0295,46.9,197.997,76.0295,46.9,-198.087,76.0295,70.5999,197.997,76.0295,70.5999,-198.087,76.0296,94.2999,197.997,76.0296,94.2999,-198.087,76.0296,118,197.997,76.0296,118,-198.087,76.0296,141.7,197.997,76.0296,141.7,-198.087,76.0296,165.4,197.997,76.0296,165.4,-198.087,76.0296,189.1,197.997,76.0296,189.1,-198.087,76.0296,212.8,197.997,76.0296,212.8,-198.087,76.0295,-212.8,197.997,76.0295,-212.8,-198.087,76.0295,-189.1,197.997,76.0295,-189.1,-198.087,76.0295,-165.4,197.997,76.0295,-165.4,-198.087,76.0295,-141.7,197.997,76.0295,-141.7,-198.087,76.0295,-118,197.997,76.0295,-118,-198.087,76.0295,-94.3,197.997,76.0295,-94.3,-198.087,76.0295,-70.6001,197.997,76.0295,-70.6001,-198.087,76.0295,-46.9001,197.997,76.0295,-46.9001,-198.087,76.0295,-23.2,197.997,76.0295,-23.2,-198.087,76.0295,0.49989,197.997,76.0295,0.49989,-198.087,76.0295,24.1999,197.997,76.0295,24.1999,-198.087,76.0295,47.9,197.997,76.0295,47.9,-198.087,76.0295,71.5999,197.997,76.0295,71.5999,-198.087,76.0296,95.2999,197.997,76.0296,95.2999,-198.087,76.0296,119,197.997,76.0296,119,-198.087,76.0296,142.7,197.997,76.0296,142.7,-198.087,76.0296,166.4,197.997,76.0296,166.4,-198.087,76.0296,190.1,197.997,76.0296,190.1,-198.087,76.0296,213.8,197.997,76.0296,213.8],
    "faces":[34,109,71,70,0,0,0,0,34,108,32,33,0,0,0,0,34,109,70,108,0,0,0,0,34,108,33,109,0,0,0,0,34,95,57,56,0,0,0,0,34,94,18,19,0,0,0,0,34,95,56,94,0,0,0,0,34,94,19,95,0,0,0,0,34,81,43,42,0,0,0,0,34,80,4,5,0,0,0,0,34,81,42,80,0,0,0,0,34,80,5,81,0,0,0,0,34,111,73,72,0,1,1,1,34,110,34,35,0,0,0,0,34,111,72,110,0,1,1,1,34,110,35,111,0,0,0,0,34,97,59,58,0,0,0,0,34,96,20,21,0,0,0,0,34,97,58,96,0,0,0,0,34,96,21,97,0,0,0,0,34,83,45,44,0,0,0,0,34,82,6,7,0,2,2,2,34,83,44,82,0,0,0,0,34,82,7,83,0,2,2,2,34,103,65,64,0,0,0,0,34,102,26,27,0,3,3,3,34,103,64,102,0,0,0,0,34,102,27,103,0,3,3,3,34,113,75,74,0,0,0,0,34,112,36,37,0,0,0,0,34,113,74,112,0,0,0,0,34,112,37,113,0,0,0,0,34,89,51,50,0,0,0,0,34,88,12,13,0,0,0,0,34,89,50,88,0,0,0,0,34,88,13,89,0,0,0,0,34,99,61,60,0,0,0,0,34,98,22,23,0,0,0,0,34,99,60,98,0,0,0,0,34,98,23,99,0,0,0,0,34,105,67,66,0,0,0,0,34,104,28,29,0,3,3,3,34,105,66,104,0,0,0,0,34,104,29,105,0,3,3,3,34,85,47,46,0,3,3,3,34,84,8,9,0,0,0,0,34,85,46,84,0,3,3,3,34,84,9,85,0,0,0,0,34,91,53,52,0,0,0,0,34,90,14,15,0,0,0,0,34,91,52,90,0,0,0,0,34,90,15,91,0,0,0,0,34,101,63,62,0,0,0,0,34,100,24,25,0,0,0,0,34,101,62,100,0,0,0,0,34,100,25,101,0,0,0,0,34,77,39,38,0,1,1,1,34,76,0,1,0,0,0,0,34,77,38,76,0,1,1,1,34,76,1,77,0,0,0,0,34,87,49,48,0,3,3,3,34,86,10,11,0,0,0,0,34,87,48,86,0,3,3,3,34,86,11,87,0,0,0,0,34,107,69,68,0,2,2,2,34,106,30,31,0,0,0,0,34,107,68,106,0,2,2,2,34,106,31,107,0,0,0,0,34,93,55,54,0,0,0,0,34,92,16,17,0,0,0,0,34,93,54,92,0,0,0,0,34,92,17,93,0,0,0,0,34,79,41,40,0,0,0,0,34,78,2,3,0,1,1,1,34,79,40,78,0,0,0,0,34,78,3,79,0,1,1,1,35,140,178,179,141,0,4,4,4,4,35,126,164,165,127,0,4,4,4,4,35,142,180,181,143,0,4,4,4,4,35,128,166,167,129,0,4,4,4,4,35,144,182,183,145,0,4,4,4,4,35,130,168,169,131,0,4,4,4,4,35,116,154,155,117,0,4,4,4,4,35,146,184,185,147,0,4,4,4,4,35,132,170,171,133,0,4,4,4,4,35,118,156,157,119,0,4,4,4,4,35,148,186,187,149,0,4,4,4,4,35,134,172,173,135,0,4,4,4,4,35,120,158,159,121,0,4,4,4,4,35,136,174,175,137,0,4,4,4,4,35,122,160,161,123,0,4,4,4,4,35,114,152,153,115,0,4,4,4,4,35,138,176,177,139,0,4,4,4,4,35,124,162,163,125,0,4,4,4,4,35,150,188,189,151,0,4,4,4,4],
    "uvs":[],
    "normals":[0,1,-3.57684e-08,0,1,-3.57684e-08,0,1,-3.57684e-08,0,1,-3.57684e-08,0,1,0],
    "materials":[{
        "colorEmissive":[0,0,0],
        "shading":"phong",
        "opacity":1,
        "transparent":false,
        "visible":true,
        "wireframe":false,
        "blending":"NormalBlending",
        "depthTest":true,
        "depthWrite":true,
        "DbgName":"black",
        "DbgColor":15658734,
        "DbgIndex":0,
        "colorDiffuse":[0,0,0],
        "specularCoef":50,
        "colorSpecular":[0.0647245,0.0647245,0.0647245]
    }]
}